N,MPI_Processes,Comp_Time,Total_Time
10000000,16,0.129850
0.130100,0.250591
12000000,16,0.202522
0.202917,0.334533
14000000,16,0.174908
0.175123,0.317460
16000000,16,0.215005
0.215288,0.396873
18000000,16,0.250133
0.250375,0.444405
20000000,16,0.365002
0.365312,0.584327
22000000,16,0.332131
0.332387,0.560977
24000000,16,0.424509
0.424793,0.679414
26000000,16,0.538744
0.539012,0.807825
28000000,16,0.574621
0.574877,0.851740
30000000,16,0.521349
0.521701,0.810949
32000000,16,0.567762
0.568023,0.886546
34000000,16,0.619768
0.619905,0.954276
36000000,16,0.710503
0.710764,1.083794
38000000,16,0.722395
0.722756,1.094476
40000000,16,0.783874
0.784032,1.156491
42000000,16,0.833233
0.833461,1.206515
44000000,16,0.893473
0.893609,1.295091
46000000,16,0.948937
0.957359,1.389398
48000000,16,1.009127
1.009252,1.439010
50000000,16,1.067241
1.067663,1.806383
52000000,16,1.129832
1.130092,1.666193
54000000,16,1.191890
1.192136,1.675957
56000000,16,1.253635
1.253864,1.776396
58000000,16,1.317675
1.317744,1.818281
60000000,16,1.383441
1.383703,1.893520
62000000,16,1.486754
1.486853,2.005994
64000000,16,1.516783
1.517194,2.085852
66000000,16,1.664329
1.664639,2.265086
68000000,16,3.082369
3.082702,3.700612
